City_ID,City,Country,Lat,Lng,Max Temp,Humidity,Cloudiness,Wind Speed,Current Description
0,Saint-Augustin,CA,51.226,-58.6502,53.65,75,87,15.55,overcast clouds
1,Galesong,ID,-5.3166,119.3661,75.22,72,54,3.33,broken clouds
2,Conakry,GN,9.538,-13.6773,84.27,65,40,6.91,scattered clouds
3,Alepe,CI,5.5004,-3.6631,82.27,94,72,3.36,broken clouds
4,East London,ZA,-33.0153,27.9116,57.13,69,79,5.26,broken clouds
5,Gigmoto,PH,13.7796,124.39,85.35,71,84,2.62,broken clouds
6,Vestmanna,FO,62.1564,-7.1664,49.12,93,75,9.78,broken clouds
7,Port Alfred,ZA,-33.5906,26.891,56.37,65,47,4.43,scattered clouds
8,Conceicao Do Araguaia,BR,-8.2578,-49.2647,82.53,61,0,3.98,clear sky
9,Hithadhoo,MV,-0.6,73.0833,83.64,70,100,17.36,overcast clouds
10,Batemans Bay,AU,-35.7167,150.1833,59.2,73,35,3.4,scattered clouds
11,Rikitea,PF,-23.1203,-134.9692,72.32,68,84,14.72,broken clouds
12,Saint-Philippe,RE,-21.3585,55.7679,72.95,81,10,10.22,light rain
13,Codrington,AU,-38.2667,141.9667,52.43,56,71,15.28,broken clouds
14,Terney,RU,45.0503,136.6092,49.84,99,100,13.02,light rain
15,Kapaa,US,22.0752,-159.319,82.72,78,90,4.0,light rain
16,Sisimiut,GL,66.9395,-53.6735,34.09,82,100,6.11,overcast clouds
17,Butaritari,KI,3.0707,172.7902,83.26,74,94,10.25,overcast clouds
18,Hobart,AU,-42.8794,147.3294,49.86,59,20,5.01,few clouds
19,Barrow,US,71.2906,-156.7887,33.82,75,90,20.71,overcast clouds
20,Kamojima,JP,34.0667,134.35,74.3,96,99,3.83,heavy intensity rain
21,Puerto Madryn,AR,-42.7692,-65.0385,47.8,92,88,12.62,overcast clouds
22,Kahului,US,20.8947,-156.47,85.96,68,40,26.46,scattered clouds
23,Hermanus,ZA,-34.4187,19.2345,54.9,74,100,6.96,overcast clouds
24,Vaini,TO,-21.2,-175.2,77.16,83,20,2.3,few clouds
25,Evensk,RU,61.95,159.2333,45.14,74,15,10.87,few clouds
26,Aklavik,CA,68.2191,-135.0107,49.03,71,75,8.05,broken clouds
27,Ushuaia,AR,-54.8,-68.3,28.06,86,0,6.91,clear sky
28,Mataura,NZ,-46.1927,168.8643,49.48,80,81,3.96,broken clouds
29,Lasa,IT,46.6166,10.7002,65.28,95,68,1.32,broken clouds
30,Qaanaaq,GL,77.484,-69.3632,27.61,84,28,3.56,scattered clouds
31,Mnogovershinnyy,RU,53.9353,139.9242,51.37,69,100,2.77,overcast clouds
32,Dingle,PH,10.9995,122.6711,82.81,80,100,4.76,light rain
33,Atar,MR,20.5169,-13.0499,92.55,24,94,15.66,overcast clouds
34,Narsaq,GL,60.9167,-46.05,48.42,76,60,2.75,broken clouds
35,Fort Saint James,CA,54.4333,-124.25,69.35,25,47,10.51,scattered clouds
36,Adre,TD,13.4667,22.2,79.79,42,93,2.68,overcast clouds
37,Hobyo,SO,5.3505,48.5268,77.99,88,75,23.42,broken clouds
38,Ilulissat,GL,69.2167,-51.1,37.42,75,91,10.36,overcast clouds
39,Hilo,US,19.7297,-155.09,85.28,69,1,12.66,clear sky
40,Thompson,CA,55.7435,-97.8558,60.96,44,90,3.44,overcast clouds
41,Dikson,RU,73.5069,80.5464,31.19,98,99,13.47,light snow
42,Hasaki,JP,35.7333,140.8333,70.29,82,96,27.63,overcast clouds
43,New Norfolk,AU,-42.7826,147.0587,49.5,49,77,7.87,broken clouds
44,Albany,US,42.6001,-73.9662,70.41,83,97,6.93,overcast clouds
45,Cabo San Lucas,MX,22.8909,-109.9124,94.8,37,1,10.36,clear sky
46,Rexburg,US,43.826,-111.7897,90.91,18,1,8.05,clear sky
47,Khromtau,KZ,50.2503,58.4347,57.79,84,97,14.97,overcast clouds
48,Balkhash,KZ,46.844,74.9804,70.02,62,75,10.83,broken clouds
49,Ust-Kuyga,RU,70.0167,135.6,62.6,62,100,3.29,overcast clouds
50,Yar-Sale,RU,66.8333,70.8333,37.18,61,77,14.2,broken clouds
51,Bluff,NZ,-46.6,168.3333,49.8,81,89,14.43,overcast clouds
52,Kaitangata,NZ,-46.2817,169.8464,53.92,71,86,2.86,overcast clouds
53,Balkanabat,TM,39.5108,54.3671,74.93,60,0,4.29,clear sky
54,Nikolskoye,RU,59.7035,30.7861,55.29,84,20,4.18,few clouds
55,Tadine,NC,-21.55,167.8833,75.54,67,27,9.35,scattered clouds
56,Torbay,CA,47.6666,-52.7314,65.17,55,75,9.22,broken clouds
57,Cayenne,GF,4.9333,-52.3333,81.09,83,40,1.99,scattered clouds
58,Busselton,AU,-33.65,115.3333,49.08,80,21,7.94,few clouds
59,San Patricio,US,28.017,-97.5169,78.67,85,96,13.38,moderate rain
60,Benghazi,LY,32.1167,20.0667,70.81,59,13,17.27,few clouds
61,Lethem,GY,3.3803,-59.7968,74.75,91,94,4.16,overcast clouds
62,Atambua,ID,-9.1061,124.8925,77.56,73,16,2.93,few clouds
63,Kruisfontein,ZA,-34.0033,24.7314,47.53,72,25,4.16,scattered clouds
64,Faanui,PF,-16.4833,-151.75,80.33,76,50,9.01,light rain
65,Namibe,AO,-15.1961,12.1522,70.57,76,14,7.83,few clouds
66,Gat,IL,31.61,34.7642,67.41,74,20,1.25,few clouds
67,Lavrentiya,RU,65.5833,-171.0,33.85,69,99,2.73,overcast clouds
68,Shubarshi,KZ,48.5872,57.1869,65.97,81,58,12.55,broken clouds
69,Atuona,PF,-9.8,-139.0333,79.18,82,44,18.1,light rain
70,Pevek,RU,69.7008,170.3133,35.49,71,38,0.83,scattered clouds
71,Punta Arenas,CL,-53.15,-70.9167,35.71,93,90,10.74,light rain
72,Georgetown,MY,5.4112,100.3354,79.9,91,20,3.0,few clouds
73,Yellowknife,CA,62.456,-114.3525,64.92,55,75,14.97,light rain
74,Taoudenni,ML,22.6783,-3.9836,94.1,23,70,28.01,broken clouds
75,Fort Nelson,CA,58.8053,-122.7002,72.99,27,75,8.05,broken clouds
76,Maromitsa,RU,59.8683,48.0123,42.33,72,1,4.65,clear sky
77,Tubuala,PA,9.5167,-79.0333,80.71,86,100,5.1,overcast clouds
78,Bredasdorp,ZA,-34.5322,20.0403,53.28,93,100,3.29,overcast clouds
79,Tuktoyaktuk,CA,69.4541,-133.0374,42.8,75,75,16.11,broken clouds
80,Bethel,US,41.3712,-73.414,71.69,86,75,4.61,light rain
81,Zhezkazgan,KZ,47.8043,67.7144,66.22,68,2,4.07,clear sky
82,Toccoa,US,34.5773,-83.3324,78.44,79,40,3.44,scattered clouds
83,Victoria,HK,22.2855,114.1577,86.38,86,100,4.23,overcast clouds
84,Vila Franca Do Campo,PT,37.7167,-25.4333,57.61,80,53,3.62,broken clouds
85,Dunedin,NZ,-45.8742,170.5036,54.81,63,100,8.01,overcast clouds
86,Saldanha,ZA,-33.0117,17.9442,48.25,62,71,6.2,broken clouds
87,La Ronge,CA,55.1001,-105.2842,80.82,34,75,11.5,broken clouds
88,Kiama,AU,-34.6833,150.8667,62.38,68,35,12.44,scattered clouds
89,Kununurra,AU,-15.7667,128.7333,75.18,53,40,3.44,scattered clouds
90,Bodden Town,KY,19.2833,-81.25,84.2,56,20,1.99,few clouds
91,Kambove,CD,-10.8764,26.5969,59.02,73,38,2.68,scattered clouds
92,Tyrma,RU,50.0833,132.1667,50.52,97,100,3.29,moderate rain
93,Coquimbo,CL,-29.9533,-71.3436,58.73,88,90,2.84,overcast clouds
94,Yumen,CN,40.2833,97.2,72.52,7,0,5.08,clear sky
95,Aswan,EG,24.0934,32.907,82.92,19,77,14.72,broken clouds
96,Cidreira,BR,-30.1811,-50.2056,60.55,83,1,11.3,clear sky
97,Whitehorse,CA,60.7161,-135.0538,58.01,24,75,17.0,broken clouds
98,Cape Town,ZA,-33.9258,18.4232,55.11,94,97,2.89,fog
99,Praia Da Vitoria,PT,38.7333,-27.0667,61.75,77,0,5.44,clear sky
100,Norman Wells,CA,65.282,-126.8329,57.24,67,75,12.66,broken clouds
101,Seminole,US,28.7086,-81.2081,82.76,77,20,1.01,few clouds
102,Harjavalta,FI,61.3167,22.1333,50.58,72,100,3.29,overcast clouds
103,Mogadishu,SO,2.0371,45.3438,78.28,84,23,16.53,few clouds
104,Bathsheba,BB,13.2167,-59.5167,81.21,65,40,17.54,scattered clouds
105,Alugan,PH,12.2188,125.4808,81.18,75,100,2.13,overcast clouds
106,Matara,LK,5.9485,80.5353,77.81,91,100,10.02,overcast clouds
107,Hailey,US,43.5196,-114.3153,85.86,23,1,16.11,clear sky
108,Beloha,MG,-25.1667,45.05,65.89,91,76,5.88,broken clouds
109,Arraial Do Cabo,BR,-22.9661,-42.0278,74.1,84,0,3.87,clear sky
110,Chuy,UY,-33.6971,-53.4616,51.71,70,36,7.11,scattered clouds
111,Port Elizabeth,ZA,-33.918,25.5701,43.09,87,0,5.75,clear sky
112,Irondequoit,US,43.2134,-77.5797,70.83,79,100,7.27,overcast clouds
113,Ribeira Grande,PT,38.5167,-28.7,62.51,69,46,10.38,scattered clouds
114,Jamestown,US,42.097,-79.2353,67.59,92,75,1.99,broken clouds
115,Sarahan,IN,31.5167,77.8,53.92,65,23,6.98,few clouds
116,Karema,TZ,-6.8205,30.4389,71.51,71,72,2.84,broken clouds
117,Malanville,BJ,11.8685,3.3899,90.32,36,2,8.08,clear sky
118,Bayeux,BR,-7.125,-34.9322,75.83,83,0,4.61,clear sky
119,Uni,RU,57.7535,51.4923,43.25,70,0,13.31,clear sky
120,Rassvet,RU,46.8333,40.75,55.51,98,5,4.47,clear sky
121,Puerto Ayora,EC,-0.7393,-90.3518,73.54,88,34,8.99,scattered clouds
122,Castro,BR,-24.7911,-50.0119,60.51,88,54,2.3,broken clouds
123,Erenhot,CN,43.6475,111.9767,53.17,59,30,14.36,scattered clouds
124,Arbazh,RU,57.6804,48.3065,46.47,66,0,10.38,clear sky
125,Hovd,MN,48.0056,91.6419,67.51,39,83,5.44,broken clouds
126,San Vicente,AR,-26.6167,-54.1333,65.1,81,27,2.82,scattered clouds
127,Hamilton,US,39.1834,-84.5333,68.07,94,90,2.57,moderate rain
128,Lorengau,PG,-2.0226,147.2712,83.97,69,82,1.19,broken clouds
129,Erzin,TR,36.9559,36.2,69.01,75,1,1.28,clear sky
130,Pangnirtung,CA,66.1451,-65.7125,31.53,92,95,1.86,overcast clouds
131,Alice Springs,AU,-23.7,133.8833,54.95,76,75,14.83,broken clouds
132,Mar Del Plata,AR,-38.0023,-57.5575,57.99,46,0,15.99,clear sky
133,Marsa Matruh,EG,31.3525,27.2453,68.2,64,0,6.91,clear sky
134,Haines Junction,CA,60.7522,-137.5108,53.11,41,37,14.65,scattered clouds
135,Vostok,RU,46.4856,135.8833,47.62,99,100,3.87,moderate rain
136,Amapa,BR,1.0,-52.0,72.36,99,28,2.59,moderate rain
137,Roura,GF,4.7263,-52.3274,80.96,94,40,2.57,moderate rain
138,Leningradskiy,RU,69.3833,178.4167,31.82,81,60,8.03,broken clouds
139,Villarrica,PY,-25.75,-56.4333,71.91,63,40,4.21,scattered clouds
140,Price,US,39.5994,-110.8107,90.66,12,1,9.22,clear sky
141,Kasimov,RU,54.9411,41.3953,46.49,88,9,9.98,clear sky
142,San Quintin,MX,30.4833,-115.95,67.68,65,1,6.98,clear sky
143,Portland,US,45.5234,-122.6762,86.61,49,20,1.99,few clouds
144,Kozhva,RU,65.1073,57.0459,43.45,78,1,4.65,clear sky
145,Yangjiang,CN,21.85,111.9667,89.94,79,100,5.01,overcast clouds
146,Iqaluit,CA,63.7506,-68.5145,29.93,92,90,8.01,light snow
147,Lusambo,CD,-4.9667,23.45,72.95,76,99,1.52,overcast clouds
148,Dunajska Streda,SK,47.9927,17.6121,61.57,86,22,3.47,few clouds
149,Mitsamiouli,KM,-11.3847,43.2844,77.34,74,21,4.54,few clouds
150,Agara,GE,42.0376,43.8238,50.04,82,42,1.81,scattered clouds
151,Normandin,CA,48.8333,-72.5321,71.73,49,52,13.8,broken clouds
152,Tiksi,RU,71.6872,128.8694,31.96,93,100,5.64,light snow
153,Kedrovyy,RU,56.1667,91.8167,52.21,94,98,3.71,overcast clouds
154,Dong Xoai,VN,11.5333,106.9167,79.81,89,84,2.66,broken clouds
155,Gladstone,AU,-23.85,151.25,66.13,68,100,4.61,overcast clouds
156,Rawson,AR,-43.3002,-65.1023,48.29,86,98,9.84,overcast clouds
157,Jingdezhen,CN,29.2947,117.2079,68.5,83,100,2.3,overcast clouds
158,Katsuura,JP,35.1333,140.3,71.19,91,99,25.84,overcast clouds
159,Doha,QA,25.2867,51.5333,93.18,40,0,11.5,clear sky
160,La Libertad,EC,-2.2333,-80.9,73.06,83,75,9.95,broken clouds
161,Mumford,GH,5.2618,-0.759,80.13,86,25,10.47,scattered clouds
162,Roma,US,43.2128,-75.4557,69.66,90,90,3.44,light rain
163,Jalingo,NG,8.8833,11.3667,75.76,87,100,8.01,overcast clouds
164,Methoni,GR,36.8197,21.7049,67.21,69,3,7.54,clear sky
165,Skjervoy,NO,70.0311,20.9714,50.5,67,11,2.48,few clouds
166,Cherskiy,RU,68.75,161.3,68.45,25,61,8.3,broken clouds
167,Ouadda,CF,8.0777,22.4007,68.49,92,100,4.03,overcast clouds
168,Weligama,LK,5.9667,80.4167,78.24,90,100,10.56,overcast clouds
169,Great Bend,US,38.3645,-98.7648,83.03,35,1,1.99,clear sky
170,Pimentel,PE,-6.8367,-79.9342,70.09,83,20,1.99,few clouds
171,Turbat,PK,26.0023,63.044,82.49,79,5,5.95,clear sky
172,Coahuayana,MX,18.7333,-103.6833,83.68,56,66,5.3,broken clouds
173,Talnakh,RU,69.4865,88.3972,32.95,100,100,4.61,light snow
174,Hamada,JP,34.8833,132.0833,68.0,97,100,8.48,overcast clouds
175,Ostrovnoy,RU,68.0531,39.5131,60.13,60,50,16.2,scattered clouds
176,Los Llanos De Aridane,ES,28.6585,-17.9182,64.15,79,90,16.98,overcast clouds
177,Tura,IN,25.5198,90.2201,74.7,94,2,5.61,light rain
178,Madarounfa,NE,13.3087,7.156,91.42,21,20,6.69,few clouds
179,Khatanga,RU,71.9667,102.5,32.86,87,100,5.46,overcast clouds
180,Shingu,JP,33.7333,135.9833,74.39,98,100,13.24,overcast clouds
181,Pangkalanbuun,ID,-2.6833,111.6167,78.46,83,100,2.46,overcast clouds
182,Tasiilaq,GL,65.6145,-37.6368,42.96,76,86,5.44,overcast clouds
183,Lengshuitan,CN,26.4111,111.5956,66.88,88,100,1.43,overcast clouds
184,Katherine,AU,-14.4667,132.2667,77.32,69,75,11.45,broken clouds
185,Oranjestad,AW,12.524,-70.027,82.35,72,20,4.0,few clouds
186,Rio Grande,BR,-32.035,-52.0986,52.95,82,2,10.45,clear sky
187,Port Blair,IN,11.6667,92.75,82.87,76,99,4.38,overcast clouds
188,Rincon,US,32.296,-81.2354,78.85,95,90,8.57,moderate rain
189,Ulladulla,AU,-35.35,150.4667,58.1,72,39,4.38,scattered clouds
190,Nhulunbuy,AU,-12.2333,136.7667,83.01,65,20,14.97,few clouds
191,Fortuna,US,40.5982,-124.1573,65.66,66,75,1.99,broken clouds
192,Okhotsk,RU,59.3833,143.3,45.46,76,3,6.22,clear sky
193,Sinnai,IT,39.3042,9.2036,68.47,67,0,5.17,clear sky
194,Constitucion,CL,-35.3333,-72.4167,57.4,92,100,7.25,overcast clouds
195,Ewa Beach,US,21.3156,-158.0072,87.75,49,75,11.5,broken clouds
196,Pemangkat,ID,1.1667,108.9667,80.29,88,68,5.06,broken clouds
197,Pinega,RU,64.7001,43.3936,53.6,65,89,4.94,overcast clouds
198,Kodiak,US,57.79,-152.4072,53.11,66,1,10.36,clear sky
199,Shahreza,IR,32.0339,51.8794,76.08,12,2,5.23,clear sky
200,Labuhan,ID,-6.8844,112.2051,79.75,80,64,6.96,broken clouds
201,Milkovo,RU,54.7167,158.6167,64.17,46,47,7.0,scattered clouds
202,Honiara,SB,-9.4333,159.95,83.26,75,99,6.13,overcast clouds
203,Araouane,ML,18.9048,-3.5265,96.78,16,65,5.37,broken clouds
204,Meulaboh,ID,4.1363,96.1285,77.43,89,99,1.68,light rain
205,Batticaloa,LK,7.7102,81.6924,80.42,82,100,3.49,overcast clouds
206,Yambio,SS,4.5721,28.3955,67.32,94,99,4.68,overcast clouds
207,Palmer,US,42.1584,-72.3287,70.93,78,90,1.01,light intensity drizzle
208,Egvekinot,RU,66.3167,-179.1667,31.55,62,25,4.5,scattered clouds
209,Ahipara,NZ,-35.1667,173.1667,61.54,57,12,3.18,few clouds
210,Maragogi,BR,-9.0122,-35.2225,76.19,84,10,5.95,clear sky
211,Le Vauclin,MQ,14.5452,-60.8388,79.84,78,40,15.52,scattered clouds
212,Salalah,OM,17.0151,54.0924,80.69,89,40,1.14,scattered clouds
213,Dukat,RU,62.55,155.55,50.4,43,40,5.48,scattered clouds
214,College,US,64.8569,-147.8028,71.55,32,75,1.01,broken clouds
215,Sitka,US,57.0531,-135.33,49.89,81,90,5.75,moderate rain
216,Hohhot,CN,40.8106,111.6522,62.89,31,0,10.11,clear sky
217,Tarata,BO,-17.6167,-66.0167,62.02,67,29,6.35,scattered clouds
218,Summerside,CA,46.3959,-63.7876,64.83,68,100,14.97,overcast clouds
219,Ornes,NO,66.8689,13.7078,59.85,66,17,4.29,few clouds
220,Najran,SA,17.4924,44.1277,77.65,17,61,3.83,broken clouds
221,Saint George,US,37.1041,-113.5841,105.64,10,1,3.0,clear sky
222,Sinnamary,GF,5.3833,-52.95,78.12,89,97,8.88,overcast clouds
223,Quarai,BR,-30.3875,-56.4514,57.49,79,0,8.59,clear sky
224,San Cristobal,VE,7.7669,-72.225,73.58,95,83,3.13,broken clouds
225,Nantucket,US,41.2835,-70.0995,65.07,97,100,22.17,overcast clouds
226,Fergus Falls,US,46.283,-96.0776,92.46,32,40,10.36,scattered clouds
227,Qingdao,CN,36.0986,120.3719,67.6,64,0,8.37,clear sky
228,Santa Isabel Do Rio Negro,BR,-0.4139,-65.0192,74.28,98,90,2.51,moderate rain
229,Gbarnga,LR,6.9956,-9.4722,73.06,99,99,3.11,overcast clouds
230,Flinders,AU,-34.5833,150.8552,62.19,68,27,4.0,scattered clouds
231,Monrovia,LR,6.3005,-10.7969,80.78,82,100,6.31,light rain
232,Tual,ID,-5.6667,132.75,81.88,76,59,18.79,broken clouds
233,Ponta Do Sol,PT,32.6667,-17.1,65.03,52,45,7.49,scattered clouds
234,Vila Velha,BR,-20.3297,-40.2925,75.15,87,0,3.44,clear sky
235,Ginir,ET,7.1333,40.7,55.47,85,53,5.88,broken clouds
236,Brae,GB,60.3964,-1.353,49.91,95,43,12.75,scattered clouds
237,Bambous Virieux,MU,-20.3428,57.7575,73.65,83,75,17.45,light rain
238,Virginia Beach,US,36.8529,-75.978,73.02,95,100,1.99,moderate rain
239,Tazmalt,DZ,36.3868,4.3989,71.71,64,78,5.06,broken clouds
240,Ukiah,US,39.1502,-123.2078,100.13,22,1,19.57,clear sky
241,Shimoda,JP,34.6667,138.95,70.16,96,100,19.42,overcast clouds
242,Kyaukse,MM,21.6,96.1333,86.0,70,75,7.29,broken clouds
243,Lodja,CD,-3.4833,23.4333,70.03,87,65,0.83,broken clouds
244,Cap Malheureux,MU,-19.9842,57.6142,73.89,81,28,8.99,moderate rain
245,Nizwa,OM,22.9333,57.5333,87.94,25,0,1.97,clear sky
246,Aksu,CN,41.1231,80.2644,73.13,33,34,4.16,scattered clouds
247,Trincomalee,LK,8.5711,81.2335,79.61,84,83,10.18,broken clouds
248,Guozhen,CN,34.3659,107.359,73.69,24,57,4.79,broken clouds
249,Upernavik,GL,72.7868,-56.1549,33.76,70,10,2.8,clear sky
250,Mount Isa,AU,-20.7333,139.5,60.57,67,28,16.11,scattered clouds
251,Tabou,CI,4.423,-7.3528,79.38,85,100,7.09,overcast clouds
252,Marzuq,YE,14.4,46.4667,75.2,60,83,5.46,broken clouds
253,Carutapera,BR,-1.195,-46.02,76.48,91,40,6.22,scattered clouds
254,Powell River,CA,49.8496,-124.5361,77.04,46,20,10.36,few clouds
255,Macas,EC,-2.3167,-78.1167,68.22,98,23,1.97,light rain
256,Talavera De La Reina,ES,39.9635,-4.8308,63.55,52,19,4.07,few clouds
257,Gamba,GA,-2.65,10.0,75.4,93,5,5.48,clear sky
258,Havelock,US,34.8791,-76.9013,77.02,92,75,1.99,light rain
259,Qaqortoq,GL,60.7167,-46.0333,48.7,81,63,5.55,broken clouds
260,Airai,TL,-8.9266,125.4092,66.24,71,37,3.33,scattered clouds
261,Tres Arroyos,AR,-38.3739,-60.2798,59.2,72,78,17.27,broken clouds
262,Bindi,SL,9.9167,-11.45,70.45,93,97,3.8,overcast clouds
263,Krasnoselkup,RU,65.7,82.4667,38.1,67,46,10.31,scattered clouds
264,La Tuque,CA,47.4334,-72.7824,64.65,82,77,9.22,broken clouds
265,Zharkent,KZ,44.1628,80.0,69.58,56,100,6.08,overcast clouds
266,Laguna,US,38.421,-121.4238,102.31,29,1,4.0,clear sky
267,Clyde River,CA,70.4692,-68.5914,28.63,93,90,16.11,light snow
268,Laurel,US,39.0993,-76.8483,76.41,91,90,1.01,overcast clouds
269,Rodrigues Alves,BR,-7.738,-72.6509,73.45,97,100,1.66,overcast clouds
270,Mackenzie,CA,55.2999,-123.1698,68.22,28,75,8.05,broken clouds
271,Baykit,RU,61.67,96.37,47.48,57,93,4.38,overcast clouds
272,Hualmay,PE,-11.0964,-77.6139,64.69,85,54,8.9,broken clouds
273,Jatiroto,ID,-7.8833,111.1167,75.51,83,90,1.21,overcast clouds
274,Cheremshan,RU,54.6667,51.5,50.4,60,19,19.15,few clouds
275,Jacareacanga,BR,-6.2222,-57.7528,76.82,73,50,2.68,scattered clouds
276,Peniche,PT,39.3558,-9.3811,58.73,78,1,22.15,clear sky
277,Luderitz,NA,-26.6481,15.1594,68.07,35,0,20.94,clear sky
278,Daman,IN,20.4167,72.85,83.82,80,16,6.71,few clouds
279,Bonavista,CA,48.6499,-53.1147,68.0,75,66,13.82,broken clouds
280,Fairbanks,US,64.8378,-147.7164,71.56,32,40,8.05,scattered clouds
281,Tigil,RU,57.8,158.6667,43.88,89,100,11.01,overcast clouds
282,Grindavik,IS,63.8424,-22.4338,50.56,81,90,29.01,light rain
283,Kirovskiy,RU,45.0917,133.5136,55.65,91,100,3.15,overcast clouds
284,Bureya,RU,49.8133,129.8131,53.06,92,97,11.77,overcast clouds
285,Majene,ID,-3.5403,118.9707,80.37,79,44,6.11,scattered clouds
286,Rantepao,ID,-2.9701,119.8978,73.87,76,66,1.81,broken clouds
287,Srednekolymsk,RU,67.45,153.6833,68.54,30,67,14.2,broken clouds
288,Hami,CN,42.8,93.45,83.34,11,39,0.81,scattered clouds
289,Lagoa,PT,39.05,-27.9833,61.52,71,16,14.34,few clouds
290,Tokmak,UA,47.2514,35.7058,53.67,97,100,10.47,overcast clouds
291,Glyadyanskoye,RU,54.9075,65.0883,46.76,74,43,16.53,scattered clouds
292,Ponta Delgada,PT,37.7333,-25.6667,57.92,82,20,1.14,few clouds
293,Wajima,JP,37.4,136.9,68.68,94,75,15.3,heavy intensity rain
294,Geraldton,AU,-28.7667,114.6,48.61,93,0,10.27,clear sky
295,Lesogorskiy,RU,61.0455,28.9294,54.55,77,7,4.34,clear sky
296,Teramo,IT,42.65,13.6833,66.49,69,4,5.97,clear sky
297,Saskylakh,RU,71.9167,114.0833,34.11,98,100,10.31,light rain
298,Souillac,MU,-20.5167,57.5167,73.78,83,75,14.9,broken clouds
299,Torbat-E Jam,IR,35.244,60.6225,83.8,13,0,7.2,clear sky
300,Caravelas,BR,-17.7125,-39.2481,72.88,87,98,5.48,overcast clouds
301,Umm Kaddadah,SD,13.6017,26.6876,82.31,42,94,11.68,overcast clouds
302,Amuntai,ID,-2.4177,115.2494,78.39,76,5,0.78,clear sky
303,Guarapari,BR,-20.6667,-40.4975,75.09,91,0,4.7,clear sky
304,Dongsheng,CN,39.8161,109.9776,64.71,22,1,24.25,clear sky
305,Vardo,NO,70.3705,31.1107,49.06,67,30,5.99,scattered clouds
306,Carnarvon,AU,-24.8667,113.6333,51.87,93,1,11.5,clear sky
307,Lakhnadon,IN,22.6,79.6,82.72,53,97,8.7,overcast clouds
308,Careiro Da Varzea,BR,-3.2003,-59.8119,79.41,81,80,4.12,light rain
309,Kyra,RU,49.5776,111.9753,56.08,56,13,5.17,few clouds
310,Prestea,GH,5.4327,-2.1428,75.92,96,69,3.56,broken clouds
311,Magadi,IN,12.9667,77.2333,70.14,79,100,2.95,overcast clouds
312,Maniago,IT,46.1706,12.7078,63.68,82,31,3.76,scattered clouds
313,Port Hardy,CA,50.6996,-127.4199,57.38,77,40,10.36,scattered clouds
314,Bowen,AU,-20.0167,148.2333,73.62,59,14,12.17,few clouds
315,Touros,BR,-5.1989,-35.4608,76.1,77,16,11.3,few clouds
316,Esperance,AU,-33.8667,121.9,51.64,79,0,10.76,clear sky
317,Azanka,RU,58.0401,64.7893,39.29,68,3,8.14,clear sky
318,Nome,US,64.5011,-165.4064,39.16,69,40,16.11,scattered clouds
319,Belyy Yar,RU,53.6039,91.3903,66.09,72,0,3.31,clear sky
320,Bambanglipuro,ID,-7.95,110.2833,77.52,84,97,2.51,overcast clouds
321,Samarai,PG,-10.6167,150.6667,79.54,86,85,9.04,light rain
322,Lavumisa,SZ,-27.31,31.892,56.52,60,100,13.42,overcast clouds
323,Betare Oya,CM,5.6,14.0833,67.68,94,22,0.36,few clouds
324,Lebu,CL,-37.6167,-73.65,56.05,97,100,2.8,overcast clouds
325,Saint-Pierre,RE,-21.3393,55.4781,73.04,68,0,5.75,clear sky
326,Lucapa,AO,-8.4192,20.7447,66.58,55,6,3.51,clear sky
327,Muroto,JP,33.2833,134.15,73.44,91,100,30.8,light rain
328,Calama,CL,-22.4667,-68.9333,57.69,12,0,6.91,clear sky
329,Pandan,PH,14.0453,124.1694,85.62,70,80,4.76,broken clouds
330,Carlsbad,US,33.1581,-117.3506,87.39,71,40,5.01,scattered clouds
331,Umea,SE,63.8284,20.2597,54.91,93,98,3.44,overcast clouds
332,Kavieng,PG,-2.5744,150.7967,84.0,70,89,4.29,overcast clouds
333,Viedma,AR,-40.8135,-62.9967,64.69,53,100,20.4,overcast clouds
334,Alta Floresta,BR,-9.8756,-56.0861,73.26,63,7,3.89,clear sky
335,Rumphi,MW,-11.0186,33.8575,60.3,87,33,3.56,scattered clouds
336,Guiratinga,BR,-16.3494,-53.7583,73.11,49,0,2.98,clear sky
337,Mount Gambier,AU,-37.8333,140.7667,48.11,93,90,5.75,overcast clouds
338,Moron,AR,-34.6534,-58.6198,62.98,79,70,3.0,broken clouds
339,Alyangula,AU,-13.8483,136.4192,76.87,88,47,14.99,scattered clouds
340,Rakvere,EE,59.3464,26.3558,50.29,81,100,2.55,overcast clouds
341,Shakiso,ET,5.75,38.9167,58.66,98,97,2.17,light rain
342,Buin,CL,-33.7333,-70.75,70.05,53,100,2.64,overcast clouds
343,Hegang,CN,47.4,130.3667,56.66,66,54,7.4,broken clouds
344,Jiexiu,CN,37.0244,111.9125,70.5,25,0,10.13,clear sky
345,Severo-Kurilsk,RU,50.6789,156.125,46.22,73,68,7.96,broken clouds
346,Kalianget,ID,-7.05,113.9333,82.15,79,68,10.31,broken clouds
347,Leshukonskoye,RU,64.8989,45.7622,53.06,83,63,4.52,broken clouds
348,Joshimath,IN,30.5667,79.5667,59.81,54,61,7.18,broken clouds
349,Khandyga,RU,62.6667,135.6,70.32,22,69,3.2,broken clouds
350,Maningrida,AU,-12.0667,134.2667,79.09,65,32,11.32,scattered clouds
351,Tame,CO,6.461,-71.73,73.62,94,82,3.27,broken clouds
352,Anadyr,RU,64.75,177.4833,39.7,60,20,15.01,few clouds
353,Aleksandrov Gay,RU,50.147,48.5704,55.45,94,100,17.09,overcast clouds
354,Bac Lieu,VN,9.285,105.7244,83.71,78,49,7.36,scattered clouds
355,Bubaque,GW,11.2833,-15.8333,78.21,77,42,13.56,scattered clouds
356,Ambon,ID,-3.6954,128.1814,75.34,88,40,11.1,scattered clouds
357,Maputo,MZ,-25.9653,32.5892,63.23,68,75,18.99,broken clouds
358,Manzhouli,CN,49.6,117.4333,61.14,53,93,19.01,overcast clouds
359,Ambilobe,MG,-13.2,49.05,67.68,89,22,3.36,few clouds
360,Gilbues,BR,-9.8317,-45.3439,81.63,36,74,2.77,broken clouds
361,Una,IN,20.8167,71.0333,81.5,83,19,6.44,few clouds
362,Waipawa,NZ,-41.4122,175.5153,56.03,71,65,5.7,broken clouds
363,Ardesen,TR,41.1911,40.9875,57.16,60,3,4.05,clear sky
364,Inhambane,MZ,-23.865,35.3833,67.14,84,69,15.41,light rain
365,Santa Cruz Del Sur,CU,20.7147,-77.9956,79.23,76,38,5.84,moderate rain
366,Avarua,CK,-21.2078,-159.775,80.65,74,20,13.8,few clouds
367,Iquitos,PE,-3.7481,-73.2472,80.64,83,75,2.3,broken clouds
368,Whyalla,AU,-33.0333,137.5833,53.49,94,10,9.22,clear sky
369,Moissala,TD,8.3404,17.7663,78.33,60,44,5.1,scattered clouds
370,Daru,PG,-9.0763,143.2092,79.43,84,92,13.87,overcast clouds
371,Pouembout,NC,-21.1333,164.9,77.74,53,54,2.93,broken clouds
372,Tabalosos,PE,-6.35,-76.6833,73.6,99,80,0.6,broken clouds
373,Voi,KE,-3.3945,38.563,69.51,83,85,9.93,overcast clouds
374,Nanortalik,GL,60.1432,-45.2371,35.89,86,81,13.58,broken clouds
375,Hay River,CA,60.8156,-115.7999,58.98,94,75,8.05,broken clouds
376,Morant Bay,JM,17.8815,-76.4093,83.82,82,83,8.88,broken clouds
377,Acapulco,MX,16.8634,-99.8901,87.62,66,75,7.0,broken clouds
378,Lahaina,US,20.8783,-156.6825,85.95,79,12,7.7,few clouds
379,Sao Joao Da Barra,BR,-21.6403,-41.0511,73.63,87,0,5.59,clear sky
380,Te Anau,NZ,-45.4167,167.7167,49.62,89,100,5.19,overcast clouds
381,Pisco,PE,-13.7,-76.2167,64.45,72,0,11.5,clear sky
382,Kalmar,SE,56.6616,16.3616,48.96,100,0,2.3,clear sky
383,Azoyu,MX,16.7167,-98.7333,84.81,62,51,6.93,broken clouds
384,Mandalgovi,MN,45.7625,106.2708,53.2,56,0,4.54,clear sky
385,Clovis,US,36.8252,-119.7029,106.16,21,40,4.0,scattered clouds
386,Shcherbinka,RU,55.4997,37.5597,55.6,71,0,4.0,clear sky
387,Kurchum,KZ,48.5722,83.6542,69.58,59,79,1.54,broken clouds
388,Pitimbu,BR,-7.4706,-34.8086,75.79,79,43,9.37,scattered clouds
389,Emerald,AU,-23.5333,148.1667,66.34,68,93,10.36,overcast clouds
390,Batagay-Alyta,RU,67.8006,130.4114,70.61,36,89,13.58,overcast clouds
391,Smithers,CA,54.7804,-127.1743,61.12,44,75,4.61,broken clouds
392,Ancud,CL,-41.8697,-73.8203,49.53,86,100,13.82,light rain
393,Sitangkai,PH,4.6628,119.3928,84.0,77,72,9.01,broken clouds
394,Pando,UY,-34.7167,-55.95,58.98,71,0,9.64,clear sky
395,Ciudad Bolivar,VE,8.1222,-63.5497,80.58,71,100,10.13,overcast clouds
396,Longyearbyen,SJ,78.2186,15.6401,35.44,75,75,12.66,broken clouds
397,Kosa,RU,59.9445,54.9977,38.46,76,0,4.09,clear sky
398,Abu Dhabi,AE,24.4667,54.3667,87.82,84,0,5.82,clear sky
399,Sabang,ID,5.8933,95.3214,82.24,79,80,14.05,broken clouds
400,Saint Austell,GB,50.3383,-4.7658,49.68,87,3,3.62,clear sky
401,Ozernovskiy,RU,51.5,156.5167,42.69,81,52,5.44,broken clouds
402,Huarmey,PE,-10.0681,-78.1522,65.86,83,31,7.63,scattered clouds
403,Yashkul,RU,46.1711,45.3435,61.14,76,31,10.4,light rain
404,Las Tunas,CU,20.9617,-76.9511,80.73,77,25,11.83,moderate rain
405,Ossora,RU,59.2353,163.0719,50.79,63,12,4.38,few clouds
406,Beira,MZ,-19.8436,34.8389,65.34,63,0,12.44,clear sky
407,Camacha,PT,33.0833,-16.3333,61.56,63,20,11.5,few clouds
408,Chokurdakh,RU,70.6333,147.9167,57.76,57,100,2.15,overcast clouds
409,Bengkulu,ID,-3.8004,102.2655,76.48,92,94,4.54,overcast clouds
410,Padang,ID,-0.9492,100.3543,78.85,86,100,2.24,overcast clouds
411,Gorontalo,ID,0.5412,123.0595,82.04,76,94,2.01,overcast clouds
412,Dharmavaram,IN,14.4333,77.7167,78.75,72,87,6.13,moderate rain
413,Kautokeino,NO,69.0125,23.0412,58.01,56,58,2.48,broken clouds
414,Karratha,AU,-20.7377,116.8463,67.21,48,100,17.43,light rain
415,Chumikan,RU,54.7183,135.315,35.71,97,100,6.42,overcast clouds
416,Foam Lake,CA,51.65,-103.5343,91.42,36,23,5.66,few clouds
417,Roebourne,AU,-20.7833,117.1333,67.84,47,100,16.67,light rain
418,Lakes Entrance,AU,-37.8811,147.981,53.58,86,98,18.32,overcast clouds
419,Raudeberg,NO,61.9875,5.1352,62.87,52,18,9.93,few clouds
420,Vestmannaeyjar,IS,63.4427,-20.2734,48.94,75,100,27.69,overcast clouds
421,Kuloy,RU,61.0305,42.4925,46.85,80,6,1.74,clear sky
422,Pringsewu,ID,-5.3582,104.9744,75.97,96,90,1.12,overcast clouds
423,Riviere-Au-Renard,CA,48.9957,-64.3971,70.09,86,100,13.4,overcast clouds
424,Inta,RU,66.0317,60.1659,42.01,81,48,12.33,scattered clouds
425,Neuquen,AR,-38.9516,-68.0591,71.49,35,0,13.8,clear sky
426,Petropavlovsk-Kamchatskiy,RU,53.0452,158.6483,66.79,34,13,9.84,few clouds
427,Mahebourg,MU,-20.4081,57.7,73.69,83,75,9.22,light rain
428,Attur,IN,11.6,78.6167,81.23,79,100,1.25,overcast clouds
429,Iwanai,JP,42.9744,140.5089,61.79,88,100,23.11,light rain
430,Axim,GH,4.8699,-2.2405,79.68,85,28,7.94,scattered clouds
431,Belaya Gora,RU,68.5333,146.4167,71.78,22,83,14.85,broken clouds
432,Port Lincoln,AU,-34.7333,135.8667,59.83,67,28,9.95,scattered clouds
433,Halmeu,RO,47.9667,23.0167,55.36,77,16,3.31,few clouds
434,Conway,US,35.0887,-92.4421,82.24,56,75,3.89,broken clouds
435,Mandali,IQ,33.7499,45.5541,85.23,14,0,10.07,clear sky
436,Ust-Tsilma,RU,65.441,52.1498,46.08,60,4,3.22,clear sky
437,Lewiston,US,44.1003,-70.2148,71.65,87,1,9.22,clear sky
438,Innisfail,AU,-17.5333,146.0333,80.87,75,37,4.9,scattered clouds
439,Vila Do Maio,CV,15.1333,-23.2167,74.19,84,13,18.03,few clouds
440,Vidim,RU,56.4088,103.1106,68.65,37,39,6.73,scattered clouds
441,Charters Towers,AU,-20.1,146.2667,69.33,46,86,13.76,overcast clouds
442,Chapais,CA,49.7834,-74.8492,69.58,71,72,10.89,broken clouds
443,Varazdin,HR,46.3044,16.3378,63.03,96,10,2.8,clear sky
444,Ketchikan,US,55.3422,-131.6461,51.78,82,100,7.0,light rain
445,Vanimo,PG,-2.6741,141.3028,83.82,72,83,2.86,broken clouds
446,Nelson Bay,AU,-32.7167,152.15,64.76,76,13,3.0,few clouds
447,Smolenka,RU,52.1352,113.4974,51.87,66,68,3.78,broken clouds
448,Muros,ES,42.7762,-9.0603,50.68,88,35,6.13,scattered clouds
449,Ust-Barguzin,RU,53.45,108.9833,55.62,57,0,1.1,clear sky
450,Aktash,RU,50.3,87.7333,52.14,65,99,4.32,overcast clouds
451,Tripoli,LY,32.8752,13.1875,71.87,68,71,16.17,broken clouds
452,Margate,GB,51.3813,1.3862,61.92,79,38,1.99,scattered clouds
453,Vila,PT,42.0304,-8.1588,45.73,79,5,3.8,clear sky
454,Novooleksiyivka,UA,46.2269,34.6428,54.88,96,100,12.39,overcast clouds
455,Carnot,CF,4.9409,15.8665,69.96,95,50,0.76,scattered clouds
456,Bloomfield,US,40.8068,-74.1854,74.16,87,75,2.64,moderate rain
457,Shelburne,CA,44.0787,-80.2041,70.59,86,87,5.91,overcast clouds
458,Marsh Harbour,BS,26.5412,-77.0636,78.66,78,59,14.61,broken clouds
459,Opuwo,NA,-18.0607,13.84,56.17,31,0,8.41,clear sky
460,Klaksvik,FO,62.2266,-6.589,50.92,95,82,16.89,broken clouds
461,Oneonta,US,42.4529,-75.0638,68.22,87,100,9.4,moderate rain
462,Adrar,MR,20.5022,-10.0711,88.9,24,96,25.99,overcast clouds
463,Kolda,SN,12.8833,-14.95,89.91,55,84,11.5,broken clouds
464,Valentin Gomez Farias,MX,28.2167,-106.5833,75.58,28,99,10.58,overcast clouds
465,Yerbogachen,RU,61.2767,108.0108,64.17,60,75,4.74,broken clouds
466,Mathathane,BW,-22.2687,28.7495,53.69,66,7,7.36,clear sky
467,Morro Bay,US,35.3658,-120.8499,93.18,59,25,7.0,scattered clouds
468,Dublin,US,37.7021,-121.9358,97.9,43,1,10.0,clear sky
469,Xiongyue,CN,40.1774,122.1228,67.14,55,5,7.54,clear sky
470,Karasuk,RU,53.7377,78.0403,56.1,64,29,7.07,scattered clouds
471,Tanabe,JP,33.7333,135.3667,74.41,94,75,5.01,mist
472,Riyadh,SA,24.6877,46.7219,89.65,17,0,0.0,clear sky
473,Mayo,US,38.8876,-76.5119,76.89,91,20,5.01,light rain
474,Pizarro,CO,4.9533,-77.366,79.14,86,91,7.54,light rain
475,Cabinda,AO,-5.55,12.2,76.24,90,38,5.03,scattered clouds
476,Meadow Lake,US,34.8014,-106.5436,86.32,17,92,8.23,overcast clouds
477,Dromolaxia,CY,34.8761,33.586,67.87,73,0,0.0,clear sky
478,Loikaw,MM,19.6742,97.2094,73.45,78,87,1.88,overcast clouds
479,Port Hedland,AU,-20.3167,118.5667,64.45,59,90,8.05,overcast clouds
480,Bilibino,RU,68.0546,166.4372,62.2,31,35,3.89,scattered clouds
481,Bannu,PK,32.9854,70.6027,84.04,48,2,3.49,clear sky
482,Verovice,CZ,49.5392,18.1142,54.07,87,0,2.24,clear sky
483,Sheregesh,RU,52.9209,87.9869,60.66,90,92,1.88,overcast clouds
484,Oksfjord,NO,70.2396,22.3479,54.52,61,6,3.42,clear sky
485,Werda,BW,-25.2667,23.2833,48.34,44,0,8.99,clear sky
486,Marystown,CA,47.1666,-55.1483,49.69,87,65,6.4,broken clouds
487,Richards Bay,ZA,-28.783,32.0377,61.54,67,100,18.75,light rain
488,Taft,IR,31.7471,54.2088,85.95,9,20,7.49,few clouds
489,Zelenoborsk,RU,61.4669,64.0333,35.58,63,0,4.21,clear sky
490,Beni,CD,0.5,29.4667,61.29,96,95,2.44,overcast clouds
491,Udachnyy,RU,66.4167,112.4,56.71,53,100,7.74,overcast clouds
492,Husavik,IS,66.0449,-17.3389,48.11,64,100,2.68,overcast clouds
493,Levelland,US,33.5873,-102.378,76.19,33,86,8.08,overcast clouds
494,Corning,US,42.1428,-77.0547,69.49,97,100,9.08,overcast clouds
495,Pishva,IR,35.308,51.7267,90.61,22,0,6.44,clear sky
496,Krasnoarmeysk,RU,51.0239,45.6969,52.07,96,100,15.59,overcast clouds
497,Vao,NC,-22.6667,167.4833,71.62,74,52,13.89,broken clouds
498,Zhigalovo,RU,54.8097,105.1578,68.76,41,3,1.92,clear sky
499,Salekhard,RU,66.53,66.6019,40.66,64,62,10.89,broken clouds
500,Acambay,MX,19.9558,-99.8417,59.13,77,97,0.6,overcast clouds
501,Vorkuta,RU,67.5,64.0,36.46,80,82,13.31,broken clouds
502,Brazzaville,CG,-4.2658,15.2832,77.31,83,20,2.3,few clouds
503,Manokwari,ID,-0.8667,134.0833,77.65,86,100,5.7,overcast clouds
504,Ayan,RU,56.45,138.1667,38.12,97,100,10.49,overcast clouds
505,Northam,GB,51.0333,-4.2167,51.1,93,3,4.94,clear sky
506,Rumford,US,44.5537,-70.5509,70.63,93,99,5.48,overcast clouds
507,Cartagena,CO,10.3997,-75.5144,85.62,74,75,10.36,broken clouds
508,Atig,RU,56.6931,59.4227,40.35,74,1,5.48,clear sky
509,Hearst,CA,49.6835,-83.6665,70.05,74,40,9.26,scattered clouds
510,Truro,GB,50.2653,-5.0544,50.77,94,2,4.79,clear sky
511,Pacific Grove,US,36.6177,-121.9166,89.06,78,1,5.99,clear sky
512,Ozinki,RU,51.1786,49.6769,58.32,97,100,13.91,overcast clouds
513,Jurm,AF,36.8648,70.8342,65.8,40,0,2.71,clear sky
514,Alihe,CN,50.5667,123.7167,49.91,97,100,4.09,moderate rain
515,Sumbuya,SL,7.6467,-11.9611,76.86,96,100,2.71,overcast clouds
516,Wad Madani,SD,14.4012,33.5199,83.95,56,62,22.44,broken clouds
517,Ust-Nera,RU,64.5667,143.2,59.99,31,33,4.85,scattered clouds
518,Borogontsy,RU,62.6683,131.1683,73.98,35,44,3.8,scattered clouds
519,Burnie,AU,-41.0667,145.9167,48.87,58,53,13.18,broken clouds
520,Tymovskoye,RU,50.8456,142.655,54.12,85,100,9.8,moderate rain
521,Dawson Creek,CA,55.7666,-120.2362,71.56,21,1,18.41,clear sky
522,Ibiruba,BR,-28.6275,-53.0897,59.61,70,6,6.96,clear sky
523,Bangkalan,ID,-7.0455,112.7351,80.55,80,64,7.11,broken clouds
524,Tuy Hoa,VN,13.0833,109.3,85.51,66,78,9.42,broken clouds
525,Langsa,ID,4.4683,97.9683,76.23,94,100,2.21,light rain
526,Aranda De Duero,ES,41.6704,-3.6892,51.42,96,35,4.61,scattered clouds
527,Dakar,SN,14.6937,-17.4441,76.08,78,0,16.11,clear sky
528,Hastings,GB,50.8552,0.5729,60.33,86,91,6.96,overcast clouds
529,Kovdor,RU,67.5662,30.4758,56.64,58,91,7.29,overcast clouds
530,Khash,IR,28.2211,61.2158,78.31,11,0,3.11,clear sky
531,Lompoc,US,34.6391,-120.4579,84.78,67,20,5.01,few clouds
532,Solnechnyy,RU,50.7214,136.6319,52.21,99,100,5.82,light rain
533,Dandong,CN,40.1292,124.3947,63.79,70,20,8.28,few clouds
534,Okato,NZ,-39.2,173.8833,56.43,78,53,5.7,broken clouds
535,Ndjole,GA,-0.1783,10.7649,74.89,97,97,2.19,overcast clouds
536,Yamada,JP,39.4667,141.95,62.51,96,100,25.59,overcast clouds
537,Laukaa,RU,58.7372,29.8453,50.56,85,99,4.94,overcast clouds
538,Merauke,ID,-8.4667,140.3333,81.14,71,55,13.71,broken clouds
539,Bluefields,NI,12.0137,-83.7635,82.47,83,40,6.91,scattered clouds
540,Sibolga,ID,1.7427,98.7792,77.61,90,100,3.0,overcast clouds
541,High Prairie,CA,55.4334,-116.4858,70.54,40,57,12.86,broken clouds
542,Raymond,US,43.9015,-70.4703,71.85,83,97,9.53,overcast clouds
543,Formosa,AR,-26.1775,-58.1781,75.18,83,0,2.3,clear sky
544,Ferme-Neuve,CA,46.7001,-75.4493,69.58,82,58,6.58,broken clouds
545,Mahibadhoo,MV,3.7833,72.9667,82.89,71,99,17.13,overcast clouds
546,Safakulevo,RU,54.9901,62.5442,45.63,69,40,14.61,scattered clouds
547,Chulym,RU,55.0997,80.9572,51.8,76,51,5.61,broken clouds
548,Vallenar,CL,-28.5708,-70.7581,60.26,76,31,2.33,scattered clouds
549,Prince Rupert,CA,54.3161,-130.3201,53.69,76,90,10.36,overcast clouds
550,Kabirwala,PK,30.4068,71.8667,85.86,50,0,3.71,clear sky
551,Broome,US,42.2506,-75.833,70.02,93,90,4.0,light rain
552,Ngunguru,NZ,-35.6167,174.5,64.17,72,73,5.41,broken clouds
553,Temyasovo,RU,52.9933,58.1014,50.36,95,100,16.58,light rain
554,Matai,TZ,-8.3,31.5167,56.55,87,22,3.27,few clouds
555,Sal Rei,CV,16.1833,-22.9167,72.16,84,33,18.41,scattered clouds
556,Kavaratti,IN,10.5669,72.642,84.16,73,100,16.44,overcast clouds
557,Yamasaki,JP,35.0,134.55,73.42,99,100,2.64,moderate rain
558,Kamakwie,SL,9.5,-12.2333,75.74,94,65,2.53,light rain
559,Kloulklubed,PW,7.0419,134.2556,82.9,75,27,4.79,scattered clouds
560,Kiruna,SE,67.8557,20.2251,52.72,62,81,3.44,broken clouds
561,Faranah,GN,10.0404,-10.7434,72.23,82,78,6.51,broken clouds
562,Houma,US,29.5958,-90.7195,82.4,84,75,6.91,broken clouds
563,Watsa,CD,3.0372,29.5355,61.05,97,80,2.91,broken clouds
564,Zambezi,ZM,-13.5432,23.1047,52.25,46,2,5.41,clear sky
565,Ouagadougou,BF,12.3642,-1.5383,84.33,65,0,6.91,clear sky
566,Sosua,DO,19.7667,-70.5167,81.52,83,40,9.22,scattered clouds
567,Sistranda,NO,63.7256,8.834,56.89,84,7,1.95,clear sky
568,Ugoofaaru,MV,5.6667,73.0,82.74,77,100,19.66,overcast clouds
569,Puerto Del Rosario,ES,28.5004,-13.8627,67.75,73,17,12.66,few clouds
570,Humaita,BR,-7.5061,-63.0208,76.68,59,8,1.61,clear sky
571,Paamiut,GL,61.994,-49.6678,35.83,75,21,11.12,few clouds
572,Talcahuano,CL,-36.7167,-73.1167,58.68,100,90,5.75,mist
573,Sangar,RU,63.9242,127.4739,66.7,51,30,8.34,scattered clouds
574,Vadso,NO,70.0744,29.7487,58.08,65,55,4.47,broken clouds
575,Praia,CV,14.9215,-23.5087,73.94,78,40,13.8,scattered clouds
576,Kiliya,UA,45.4552,29.2637,54.5,81,100,12.41,overcast clouds
577,Dangriga,BZ,16.9692,-88.2321,89.56,82,56,11.5,broken clouds
578,Sao Filipe,CV,14.8961,-24.4956,74.53,75,9,8.93,clear sky
579,Tanout,NE,14.9709,8.8879,87.87,17,25,11.21,scattered clouds
580,Half Moon Bay,US,37.4636,-122.4286,91.62,72,90,7.7,mist
581,Kokoda,PG,-8.8785,147.7407,82.94,79,100,2.89,overcast clouds
582,Kolomyya,UA,48.5306,25.0403,49.14,91,57,4.59,broken clouds
583,Blythe,US,33.6103,-114.5964,109.85,7,1,20.71,clear sky
584,Kushima,JP,31.4583,131.2333,77.04,97,100,9.44,heavy intensity rain
585,Coruripe,BR,-10.1256,-36.1756,74.97,88,52,6.33,broken clouds
586,Eureka,US,40.8021,-124.1637,65.19,82,54,1.99,broken clouds
587,Itigi,TZ,-5.7,34.4833,60.28,89,100,5.19,overcast clouds
588,Kanye,BW,-24.9667,25.3327,48.67,60,42,6.06,scattered clouds
589,Pavlysh,UA,48.9176,33.3569,52.77,94,97,9.93,overcast clouds
590,Novichikha,RU,52.204,81.3877,62.29,88,100,7.29,overcast clouds
591,Turukhansk,RU,65.8167,87.9833,37.53,72,62,10.67,broken clouds
592,Siyabuswa,ZA,-25.1132,29.0445,52.12,59,74,10.49,broken clouds
593,Muncar,ID,-8.4333,114.3333,78.87,82,61,0.81,broken clouds
594,Bandarbeyla,SO,9.4942,50.8122,79.56,80,97,17.54,overcast clouds
595,Pombia,IT,45.653,8.6336,67.41,72,0,2.3,clear sky
596,Cumberland,US,35.0502,-78.8664,74.86,96,75,5.75,broken clouds
597,Mildura,AU,-34.2,142.15,51.76,100,90,5.75,overcast clouds
598,Yakeshi,CN,49.2833,120.7333,51.53,80,100,17.0,overcast clouds
599,Farroupilha,BR,-29.225,-51.3478,55.26,80,0,3.27,clear sky
600,Hofn,IS,64.2539,-15.2082,47.88,80,91,11.23,overcast clouds
601,Sao Geraldo Do Araguaia,BR,-6.4006,-48.555,77.86,73,51,1.77,broken clouds
602,Maryville,US,35.7565,-83.9705,74.32,85,90,1.01,overcast clouds
603,Buraydah,SA,26.326,43.975,91.85,14,9,6.85,clear sky
604,Kawalu,ID,-7.3817,108.2082,75.24,93,100,0.29,overcast clouds
605,Nemuro,JP,43.3236,145.575,51.51,96,100,21.99,overcast clouds
606,Sakakah,SA,29.9697,40.2064,85.57,20,0,6.4,clear sky
607,Aparecida,BR,-22.8469,-45.2297,71.1,83,12,1.7,few clouds
608,Malakal,SS,9.5334,31.6605,78.39,69,79,4.59,broken clouds
609,Taseyevo,RU,57.2169,94.8978,51.78,97,100,3.02,moderate rain
610,Yulara,AU,-25.2406,130.9889,49.84,76,83,5.75,broken clouds
611,Osa,RU,57.2829,55.4567,42.64,65,0,8.59,clear sky
612,Pagudpud,PH,18.5616,120.7868,82.36,62,92,13.2,overcast clouds
613,Sorland,NO,67.667,12.6934,50.99,76,4,6.6,clear sky
614,Chacabuco,AR,-34.6417,-60.4739,59.76,81,67,8.72,broken clouds
615,Aleysk,RU,52.4926,82.7822,62.71,93,100,3.98,overcast clouds
616,Bhuj,IN,23.2667,69.6667,83.73,66,46,10.92,scattered clouds
617,Bilma,NE,18.6853,12.9164,93.34,11,67,5.17,broken clouds
618,Alofi,NU,-19.0595,-169.9187,76.89,94,90,5.75,moderate rain
619,Hit,IQ,33.6416,42.8251,81.0,19,12,9.24,few clouds
620,Loding,NO,67.3,14.75,59.65,68,0,5.01,clear sky
621,Qandala,SO,11.472,49.8728,89.02,56,55,6.2,broken clouds
622,Karaton,ID,-6.3424,106.1045,81.95,91,97,1.36,overcast clouds
623,Luanda,AO,-8.8368,13.2343,77.0,88,75,4.61,broken clouds
624,Coihaique,CL,-45.5752,-72.0662,42.75,81,90,4.61,light rain
625,Ushtobe,KZ,45.2514,77.9838,70.66,50,41,5.82,scattered clouds
626,Sulangan,PH,11.1373,123.7228,83.64,74,96,3.89,overcast clouds
627,Maltahohe,NA,-24.8333,16.9833,47.08,61,0,10.45,clear sky
628,Karlskrona,SE,56.1616,15.5866,50.45,81,49,7.85,scattered clouds
629,Inuvik,CA,68.3499,-133.7218,49.06,81,75,5.75,light rain
630,Bela,IN,25.9333,81.9833,91.51,39,82,1.97,broken clouds
631,Xai-Xai,MZ,-25.0519,33.6442,64.11,83,96,25.84,moderate rain
632,Khuzdar,PK,27.7384,66.6434,78.57,53,0,1.21,clear sky
633,Seymchan,RU,62.8833,152.4333,60.55,35,61,0.58,broken clouds
634,Jackson,US,42.4165,-122.8345,93.07,26,1,12.66,clear sky
635,Togur,RU,58.3631,82.8265,48.09,68,98,5.61,overcast clouds
636,Lopatino,RU,52.6195,45.8118,53.53,75,100,18.81,overcast clouds
637,Surt,LY,31.2089,16.5887,70.23,77,54,13.56,broken clouds
638,Trabzon,TR,40.9167,39.8333,55.49,77,0,4.61,clear sky
639,Bulolo,PG,-7.2,146.65,81.39,73,92,0.83,overcast clouds
640,Kidal,ML,18.4411,1.4078,94.93,11,33,7.49,scattered clouds
641,Lichuan,CN,30.3,108.85,55.54,83,82,1.95,broken clouds
642,Kajiado,KE,-1.8524,36.7768,59.72,89,100,4.76,overcast clouds
643,Nortelandia,BR,-14.4547,-56.8028,75.16,48,3,2.57,clear sky
644,Maceio,BR,-9.6658,-35.7353,74.64,94,20,4.92,few clouds
645,Belmonte,BR,-15.8631,-38.8828,77.5,86,31,8.61,scattered clouds
646,Bereda,ES,43.2686,-7.5406,49.75,100,33,2.42,scattered clouds
647,Miyako,JP,39.6367,141.9525,62.58,96,100,25.95,overcast clouds
648,Berlevag,NO,70.8578,29.0864,50.43,68,14,11.95,few clouds
649,Buenaventura,CO,3.8801,-77.0312,76.48,95,100,2.06,overcast clouds
650,Kilindoni,TZ,-7.9139,39.6668,77.68,74,9,10.8,clear sky
651,Bud,US,39.447,-86.1758,78.22,82,92,4.32,overcast clouds
652,Rocha,UY,-34.4833,-54.3333,50.76,70,70,8.57,broken clouds
653,Beipiao,CN,41.7919,120.7792,67.46,38,95,11.97,light rain
654,Uribia,CO,11.7139,-72.266,83.03,63,99,18.99,overcast clouds
655,Arlit,NE,18.7369,7.3853,90.39,13,61,4.27,broken clouds
656,Benjamin Constant,BR,-4.3831,-70.0311,77.13,78,58,0.87,broken clouds
657,Mafinga,TZ,-7.25,35.0667,64.36,77,80,2.01,broken clouds
658,Santa Rosa,PH,14.3122,121.1114,88.09,75,99,3.33,overcast clouds
659,Kapuskasing,CA,49.4169,-82.4331,62.69,82,75,8.05,broken clouds
660,Saint Anthony,US,45.0205,-93.218,91.72,28,1,5.61,clear sky
661,Kagalnik,RU,47.0769,39.323,56.71,93,16,7.76,few clouds
662,Yarega,RU,63.4354,53.5765,46.62,84,2,4.59,clear sky
663,Zhanaozen,KZ,43.3,52.8,70.07,58,0,15.97,clear sky
664,Rosetta,EG,31.4044,30.4164,69.62,69,0,12.55,clear sky
665,Fasa,IR,28.9383,53.6482,70.84,21,0,0.0,clear sky
666,Sawtell,AU,-30.3833,153.1,66.22,59,1,6.91,clear sky
667,Aliquippa,US,40.6367,-80.2401,71.78,78,90,6.6,overcast clouds
668,Bang Pakong,TH,13.543,100.9933,88.95,90,80,3.8,broken clouds
669,Jacqueville,CI,5.2052,-4.4146,82.31,83,71,11.63,broken clouds
670,Rabo De Peixe,PT,37.8,-25.5833,56.71,82,20,4.7,few clouds
671,Karpogory,RU,64.0019,44.4451,52.0,80,36,3.44,scattered clouds
672,Homer,US,59.6425,-151.5483,55.78,67,75,0.0,light rain
673,Mingguang,CN,32.7802,117.9638,71.56,53,39,8.61,light rain
674,Chernyakhovsk,RU,54.6335,21.8156,53.82,84,98,3.2,overcast clouds
675,Korla,CN,41.7597,86.1469,80.11,22,80,4.05,broken clouds
676,Komsomolskiy,UZ,40.4272,71.7189,77.72,27,21,11.5,few clouds
677,Gopalpur,IN,19.2667,84.9167,83.91,82,19,10.13,few clouds
678,Naze,JP,28.3667,129.4833,77.92,85,100,19.01,overcast clouds
679,Adeje,ES,28.1227,-16.726,67.08,75,40,5.01,scattered clouds
680,Kondinskoye,RU,59.6481,67.41,37.08,67,14,11.7,few clouds
681,Tianpeng,CN,30.9866,103.9393,70.63,58,98,3.65,overcast clouds
682,Fallon,US,39.4735,-118.7774,100.18,14,90,35.68,dust
683,Cervo,ES,43.6702,-7.4101,49.96,81,34,3.89,scattered clouds
684,Show Low,US,34.2542,-110.0298,89.31,16,1,25.32,clear sky
685,Tessalit,ML,20.1986,1.0114,94.96,8,48,8.75,scattered clouds
686,Olinda,BR,-8.0089,-34.8553,74.93,83,75,8.81,broken clouds
687,Hermiston,US,45.8404,-119.2895,98.42,18,1,5.75,clear sky
688,Porto Novo,BJ,6.4965,2.6036,84.02,83,14,6.44,few clouds
689,Rijeka,HR,45.3431,14.4092,64.11,72,0,4.61,clear sky
690,Tshikapa,CD,-6.4167,20.8,72.45,60,25,1.74,scattered clouds
691,Fare,PF,-16.7,-151.0167,81.14,72,44,9.26,scattered clouds
692,Itarema,BR,-2.9248,-39.9167,79.56,75,10,13.94,clear sky
693,Le Port,RE,-20.9373,55.2919,71.56,83,10,11.72,clear sky
694,Killorglin,IE,52.1,-9.7833,49.5,95,99,4.72,overcast clouds
695,Indianola,US,41.3581,-93.5574,84.69,68,66,6.02,broken clouds
696,Drumheller,CA,51.4617,-112.7101,96.13,14,18,12.66,few clouds
697,Lapua,FI,62.9693,23.0088,55.47,86,92,3.71,overcast clouds
698,Marienburg,PL,54.0359,19.0266,61.88,77,70,3.78,broken clouds
699,Seinajoki,FI,62.7945,22.8282,55.98,57,96,3.71,overcast clouds
700,Minna,NG,9.6139,6.5569,76.44,76,84,3.06,broken clouds
701,Road Town,VG,18.4167,-64.6167,82.44,78,40,14.97,scattered clouds
702,Namatanai,PG,-3.6667,152.4333,83.37,72,100,3.51,overcast clouds
703,Skibbereen,IE,51.55,-9.2667,51.6,91,100,11.59,overcast clouds
704,Sikonge,TZ,-5.6333,32.7667,65.16,63,76,4.88,broken clouds
705,Shenjiamen,CN,29.9576,122.298,65.77,91,100,9.48,moderate rain
